{"eval_exact_match": 62.60170293282876, "eval_f1": 71.21531505405596}