{"eval_exact_match": 76.86849574266793, "eval_f1": 84.85374640254481}