{"eval_exact_match": 26.166666666666668, "eval_f1": 36.34177672546178}