{"eval_exact_match": 61.57048249763481, "eval_f1": 69.99153474960937}