{"eval_exact_match": 61.111111111111114, "eval_f1": 67.99470899470897}