{"eval_exact_match": 77.59697256385998, "eval_f1": 85.62728496348102}