{"eval_exact_match": 78.39167455061495, "eval_f1": 86.2008844284333}