{"eval_exact_match": 61.111111111111114, "eval_f1": 68.90964590964589}