{"eval_exact_match": 77.52128666035951, "eval_f1": 85.38521971299429}