{"eval_exact_match": 54.44444444444444, "eval_f1": 62.35978835978835}