{"eval_exact_match": 62.28949858088931, "eval_f1": 70.76662345336861}