{"eval_exact_match": 63.15988647114475, "eval_f1": 71.52668669171256}