{"eval_exact_match": 46.666666666666664, "eval_f1": 57.493827160493794}